place_id,name,lat,lng,address,types,source_query
ChIJi0AjXABTDW0RJIGlxzy14Ok,The Village - Park Green,-37.08612979999999,174.9298223,"180 Park Estate Road, Rosehill, Auckland","shopping_mall,point_of_interest,establishment",shopping_mall
ChIJJbCvWjRTDW0RqAtr2eIL_vI,Rosehill Shopping Centre,-37.0791114,174.9369218,"27 Edinburgh Avenue, Rosehill, Auckland","shopping_mall,liquor_store,meal_takeaway,laundry,grocery_or_supermarket,restaurant,point_of_interest,store,food,establishment",shopping_mall
ChIJde6YUdSscm0RwrJBcuGmb3U,Papakura Photo Image Centre,-37.0642354,174.9430795,"7/231 Great South Road, Papakura, Auckland","shopping_mall,point_of_interest,establishment",shopping_mall
ChIJ5zWcqtWscm0R6OcsEEFPjS0,Accent Centre,-37.0637655,174.9427448,"209 Great South Road, Papakura, Auckland","shopping_mall,point_of_interest,establishment",shopping_mall
ChIJ2-ZTDBdSDW0RW0rNNBHcJDc,Clendon Park Shopping Centre,-37.03272739999999,174.8680019,"Roscommon Road, Clendon Park, Auckland","shopping_mall,point_of_interest,establishment",shopping_mall
ChIJX_rGozBTDW0RmVC1KGXWh6Y,Takanini Gateway,-37.0395447,174.9146466,"108 Great South Road, Takanini, Auckland","shopping_mall,point_of_interest,establishment",shopping_mall
ChIJh5Vc-YlTDW0RrFK2bug9ORQ,takanini kebab and fried chicken,-37.039411,174.9150471,"Unit 8/108 Great South Road, Takanini, Auckland","restaurant,shopping_mall,food,point_of_interest,establishment",shopping_mall
ChIJF6DHN8VSDW0RrM25ccYgmtE,Southgate Shopping Centre,-37.0488015,174.9288326,"230 Great South Road, Takanini, Auckland","shopping_mall,point_of_interest,establishment",shopping_mall
ChIJKY-cRs5SDW0Rj4V8vuhGFlA,Takanini Town Centre,-37.0474863,174.9315304,"30 Walters Road, Takanini, Auckland","shopping_mall,convenience_store,bar,hospital,store,health,meal_takeaway,restaurant,food,point_of_interest,establishment",shopping_mall
ChIJTfOOisFSDW0R4FxjgHegXVU,Splash Group Limited,-37.0441331,174.9207579,"180 D Great South Road, Takanini, Auckland","shopping_mall,point_of_interest,establishment",shopping_mall
ChIJA9BuyLZODW0RwQhcOEa85nk,Southmall Manurewa,-37.022621,174.8965761,"185/201 Great South Road, Manurewa, Auckland","shopping_mall,point_of_interest,establishment",shopping_mall
ChIJmb1jdCdPDW0RIff0kbDAI-E,Shine On Mānawa Bay,-36.9955361,174.8013837,"4 Jimmy Ward Crescent, Auckland Airport, Auckland","shopping_mall,point_of_interest,establishment",shopping_mall
ChIJpUDHCIBPDW0RJ6TM6zXb6hE,Mānawa Bay,-36.9959093,174.8015983,"4 Jimmy Ward Crescent, Auckland Airport, Auckland","shopping_mall,point_of_interest,establishment",shopping_mall
ChIJETs9bgBPDW0RCQZzJvoTikE,Connor Manawa Bay,-36.9972548,174.8003401,"Mānawa Bay Shop T032/4 Jimmy Ward Crescent, Auckland Airport, Auckland","shopping_mall,clothing_store,point_of_interest,store,establishment",shopping_mall
ChIJx8Xqy7RPDW0R4sM56_svBBE,Bed Bath & Beyond Mānawa Bay Outlet Centre,-36.9972548,174.8003401,"4 Jimmy Ward Crescent, Auckland Airport, Auckland","shopping_mall,point_of_interest,establishment",shopping_mall
ChIJC9BNaQBPDW0R5oDFNBUOdQE,Macpac Outlet @ Manawa Bay,-36.9974526,174.8029877,"unit g/4 Jimmy Ward Crescent, Auckland Airport, Auckland","shopping_mall,point_of_interest,establishment",shopping_mall
ChIJuy9SxO5PDW0RQFj4XAnVDgU,Auckland Airport Shopping Centre,-36.9973428,174.7879643,"1 John Goulter Drive, airport shopping centre, Auckland","shopping_mall,hair_care,point_of_interest,establishment",shopping_mall
ChIJV4bKtr1NDW0R3T_lMnWPcw4,Westfield Manukau,-36.9912102,174.8822355,"1 Leyton Way, Manukau City Centre, Auckland","shopping_mall,point_of_interest,establishment",shopping_mall
ChIJu9MLnctNDW0R76a0DISm7OU,Manukau Supa Centa,-36.99164,174.8714373,"Corner Lambie &, Cavendish Drive, Manukau City Centre, Auckland","shopping_mall,point_of_interest,establishment",shopping_mall
ChIJUZ5t1sZNDW0RmJKd3_zo-jA,Cavendish Court,-36.9877504,174.8746154,"Cavendish Drive, Manukau City Centre, Auckland","shopping_mall,point_of_interest,establishment",shopping_mall
ChIJS7YXr3lODW0RKnXqcBZPlxI,Old Papatoetoe Shopping Centre,-36.98007450000001,174.8538611,"Papatoetoe, Auckland","shopping_mall,point_of_interest,establishment",shopping_mall
ChIJ7R-fEbNNDW0R5KihkMDYXOk,Kiwi Discount Limited,-36.97964119999999,174.8538798,"Shop 5/63 Saint George Street, Papatoetoe, Auckland","store,shopping_mall,point_of_interest,establishment",shopping_mall
ChIJb0a9xbtNDW0RQG3PiSi7l8g,Southpoint,-36.9866013,174.8827078,"652 Great South Road, Manukau City Centre, Auckland","shopping_mall,point_of_interest,establishment",shopping_mall
ChIJx-YpicBNDW0R8u3eKSmUTAw,Shoppadelics,-36.9963818,174.8953402,"57A Everglade Drive, Goodwood Heights, Auckland","shopping_mall,point_of_interest,establishment",shopping_mall
ChIJL7IxFppNDW0RbzIeiQ6DUhQ,Pacific square,-37.0010985,174.8894755,"792 Great South Road, Wiri, Auckland","shopping_mall,point_of_interest,establishment",shopping_mall
ChIJK3LLlQZNDW0R56b_-xddtf0,Laundromat,-36.9808111,174.9030636,"Shop 7/2 Thomas Road, Flat Bush, Auckland","shopping_mall,point_of_interest,establishment",shopping_mall
ChIJM1N8BgpPDW0R-1LMojBBSzc,Mangere Town Centre,-36.9691884,174.800108,"93 Bader Drive, Māngere, Auckland","shopping_mall,point_of_interest,establishment",shopping_mall
ChIJA-Pyr41PDW0RnQL95CuCXPU,Crush Beauty,-36.97467040000001,174.7839813,"25 Richard Pearse Drive, Airport Oaks, Auckland","shopping_mall,store,point_of_interest,establishment",shopping_mall
ChIJKb6NmqBPDW0Re6dfN2MQwRY,Easy Life Plastic,-36.9698558,174.7975978,"49 Orly Avenue, Māngere, Auckland","shopping_mall,point_of_interest,establishment",shopping_mall
ChIJ5T7OdNdPDW0RtWL-Q-ORqWM,MJ Mall,-36.9664559,174.8250674,"359 Massey Road, Māngere East, Auckland","shopping_mall,point_of_interest,establishment",shopping_mall
ChIJ5Tt34nFPDW0R-eILF9kAchA,Savill Superette,-36.9572824,174.8333672,"1 Savill Drive, Māngere East, Auckland","shopping_mall,point_of_interest,establishment",shopping_mall
ChIJhbvO6s1PDW0RK54NPdHOtwg,Glar1951,-36.948255,174.8369241,"33 Lippiatt Road, Ōtāhuhu, Auckland","shopping_mall,point_of_interest,establishment",shopping_mall
ChIJ1WVyXStMDW0Rg3GnXLBevOA,Hunters Plaza,-36.9708754,174.8604448,"217 Great South Road, Papatoetoe, Auckland","shopping_mall,point_of_interest,establishment",shopping_mall
ChIJ-WMyT1xNDW0Rtjn700o06U0,토요 마켓,-36.9622374,174.8721296,"1 Newbury Street, Ōtara, Auckland","shopping_mall,point_of_interest,establishment",shopping_mall
ChIJcZ3xZIBADW0R3_SwUH3z8zc,Otara Town Centre,-36.96118279999999,174.8736046,"Ōtara, Auckland","shopping_mall,point_of_interest,establishment",shopping_mall
ChIJixn9wDlMDW0Ru82COKgskX8,The Race Place,-36.9607372,174.8739252,"Ōtara, Auckland","shopping_mall,point_of_interest,establishment",shopping_mall
ChIJ7emtwflMDW0RaXCJOLTCpGg,Botany Junction,-36.964772,174.9027543,"Corner of Te Irirangi Drive and, Ormiston Road, Botany South, Manukau","shopping_mall,point_of_interest,establishment",shopping_mall
ChIJpxTeIqdJDW0R3vCZtJqRGzI,Lucy's,-36.9538588,174.8953625,"NZ, Unit 13/375 East Tamaki Road, East Tāmaki, Auckland","shopping_mall,clothing_store,point_of_interest,store,establishment",shopping_mall
ChIJdZdSYspNDW0RlaZ3g6poVGs,Ormiston Town Centre,-36.964327,174.9144985,"240 Ormiston Road, Flat Bush, Auckland","shopping_mall,point_of_interest,establishment",shopping_mall
ChIJic3EJJBFDW0RkN5c63_-Vo8,Lehera Fashions,-36.9286317,174.7141879,"18 Strathnaver Crescent, Lynfield, Auckland","shopping_mall,point_of_interest,establishment",shopping_mall
ChIJySzmVihEDW0R82KJ5_q_SrA,Lynfield Shopping Centre,-36.9254368,174.722993,"Mount Roskill, Auckland","shopping_mall,point_of_interest,establishment",shopping_mall
ChIJ6XDepH5PDW0RZcHhoRKBpLw,Mangere Bridge Village,-36.9432592,174.7877134,"19/45 Coronation Road, Māngere Bridge, Auckland","shopping_mall,point_of_interest,establishment",shopping_mall
ChIJb33g37tODW0RtRrSkuCBTow,Op Shop St Andrew’s Otahuhu,-36.9428029,174.8410038,"22 Station Road, Ōtāhuhu, Auckland","shopping_mall,point_of_interest,establishment",shopping_mall
ChIJBbu1zHxPDW0RnQX-nkoOZ-Y,Otahuhu Shopping Centre,-36.9453416,174.8447765,"Main street Great South Road, Ōtāhuhu, Auckland","shopping_mall,point_of_interest,establishment",shopping_mall
ChIJI2c6wTNJDW0RybNb0VvrtbQ,TransQuip,-36.9250409,174.8488122,"6a Te Apunga Place, Mount Wellington, Auckland","shopping_mall,point_of_interest,establishment",shopping_mall
ChIJdbmAZZ5MDW0RVta-mrS-tAE,Botany Town Centre,-36.93349259999999,174.9133753,"588 Chapel Road, East Tāmaki, Auckland","shopping_mall,point_of_interest,establishment",shopping_mall
ChIJ6R04q4ZLDW0RSohxuO2avsY,Chinatown,-36.9253795,174.8932422,"262 Ti Rakau Drive, Burswood, Auckland","shopping_mall,point_of_interest,establishment",shopping_mall
ChIJhUOcTH1LDW0RlPifavN7ro8,The Hub,-36.9304207,174.9092157,"451 Ti Rakau Drive, Huntington Park, Auckland","shopping_mall,parking,point_of_interest,establishment",shopping_mall
ChIJy5rlU5JMDW0RCSJyJkqladw,Chapel Road Village,-36.9495573,174.9113348,"345 Chapel Road, Flat Bush, Auckland","shopping_mall,point_of_interest,establishment",shopping_mall
ChIJUfmAbG9BDW0R4RCtphwZ6N0,E'clipz Unisex Hair Studio,-36.8955043,174.6278719,"64D Bruce McLaren Road, Henderson, Auckland","shopping_mall,point_of_interest,establishment",shopping_mall
ChIJCW4TAe1BDW0RG7dbZ772QxA,Variety for u,-36.9107488,174.6522652,"60 Glenmall Place, Glen Eden, Auckland","shopping_mall,point_of_interest,establishment",shopping_mall
ChIJ3S2EqWhBDW0Re5l4THSzlR0,Kelston Mall,-36.90942629999999,174.6636791,"16 West Coast Road, Glen Eden, Auckland","shopping_mall,point_of_interest,establishment",shopping_mall
ChIJk3eGMkxBDW0RwaZuUdU4vhg,LynnMall,-36.9076512,174.6859924,"3058 Great North Road, New Lynn, Auckland","shopping_mall,point_of_interest,establishment",shopping_mall
ChIJjW_7H2ZHDW0RU8DNibxOwC4,Glenavon Village shops,-36.90665329999999,174.7018191,"278 Blockhouse Bay Road, Avondale, Auckland","shopping_mall,point_of_interest,establishment",shopping_mall
ChIJ4eyoHmJGDW0Rk3nspaxK808,22 Stoddard,-36.9077479,174.7326831,"203/22 Stoddard Road, Wesley, Auckland","shopping_mall,point_of_interest,establishment",shopping_mall
ChIJ_QRgoYhGDW0Rz963HMMh3HA,Ravi Food Spices,-36.9122316,174.7273953,"421 Richardson Road, Mount Roskill, Auckland","shopping_mall,point_of_interest,establishment",shopping_mall
ChIJ0-4gpPJGDW0RUY3nD0-Pn1k,Tulja Centre,-36.90067989999999,174.7212941,"190 Stoddard Road, Wesley, Auckland","shopping_mall,point_of_interest,establishment",shopping_mall
ChIJudT8bgBHDW0RYlzXrZt3aIg,Potter Ave Dairy,-36.8982701,174.7274128,"4 Potter Avenue, Wesley, Auckland","shopping_mall,point_of_interest,establishment",shopping_mall
ChIJ6_mMTKZIDW0RNVRjqWWS-9s,홍길동여행사,-36.9129623,174.7760773,"109 Symonds Street, Royal Oak, Auckland","shopping_mall,point_of_interest,establishment",shopping_mall
ChIJK9NVPqdIDW0R21jXDozLTF8,Royal Oak Shopping Mall,-36.9103582,174.7746753,"691 Manukau Road, Royal Oak, Auckland","shopping_mall,point_of_interest,establishment",shopping_mall
ChIJy3yGhBNGDW0R2MvE2Rzw-bM,Three Kings Plaza,-36.9088525,174.7559762,"536 Mount Albert Road, Three Kings, Auckland","shopping_mall,point_of_interest,establishment",shopping_mall
ChIJN-P5NE5LDW0Rc7_IF_buXOE,Class A Security Limited,-36.9100387,174.7746125,"691 Manukau Road, Royal Oak, Auckland","shopping_mall,point_of_interest,establishment",shopping_mall
ChIJmSUeXLJIDW0RIB3IrX3taHU,adidas Outlet Onehunga,-36.9207953,174.7865545,"Dress Smart Onehunga Shop 609/151 Arthur Street, Onehunga, Auckland","shoe_store,clothing_store,shopping_mall,store,point_of_interest,establishment",shopping_mall
ChIJj5xfpbNIDW0RrwCYwldt6hw,Dress Smart Outlet Shopping Centre,-36.9217166,174.7863983,"151 Arthur Street, Onehunga, Auckland","shopping_mall,point_of_interest,establishment",shopping_mall
ChIJyz4-Od5IDW0Rpn1I_3ZwJBY,Artizan Diamond Tools,-36.9064108,174.8115708,"726B Great South Road, Penrose, Auckland","shopping_mall,point_of_interest,establishment",shopping_mall
ChIJS_-80UdJDW0RAVGCfFNcWgo,Sylvia Park Lifestyle,-36.9170435,174.838082,"393 Mount Wellington Highway, Mount Wellington, Auckland","shopping_mall,point_of_interest,establishment",shopping_mall
ChIJq8xVy0dJDW0RDrwEDCn_4zA,Sylvia Park Shopping Centre,-36.9172406,174.8418425,"286 Mount Wellington Highway, Mount Wellington, Auckland","shopping_mall,point_of_interest,establishment",shopping_mall
ChIJMXshW0BJDW0R1eLmSMbTJMg,Mount Wellington Shopping Centre,-36.90908080000001,174.8374863,"295 Penrose Road, Mount Wellington, Auckland","shopping_mall,point_of_interest,establishment",shopping_mall
ChIJS_-80UdJDW0RT2Tg9yXE8fs,Apex Mega Centre,-36.91673029999999,174.8377912,"393 Mount Wellington Highway, Mount Wellington, Auckland","shopping_mall,point_of_interest,establishment",shopping_mall
ChIJ2YxMszFLDW0RXc9zIlvgsVI,Kentigern Plaza,-36.91088099999999,174.8716094,"102 Pakuranga Road, Pakuranga, Auckland","shopping_mall,point_of_interest,establishment",shopping_mall
ChIJl8_ip1JLDW0RIcbRpAroMgU,Sedar Properties,-36.9129089,174.871826,"10 Aylesbury Street, Pakuranga, Auckland","shopping_mall,point_of_interest,establishment",shopping_mall
ChIJEfNoP-lLDW0RP3M8GBc79LQ,Pakuranga Town Centre,-36.912647,174.871999,"Pakuranga Town Centre 10 Aylesbury Street, Pakuranga, Auckland","shopping_mall,point_of_interest,establishment",shopping_mall
ChIJvRlTeSBJDW0RrjK3rDy2XR0,Clifton Court,-36.8987734,174.853917,"7 Clifton Court, Panmure, Auckland","shopping_mall,point_of_interest,establishment",shopping_mall
ChIJExZTv_JLDW0RVmdiNEYY6Y0,Edge water shopping center,-36.92040130000001,174.8766559,"Ti Rakau Drive, Pakuranga, Auckland","shopping_mall,point_of_interest,establishment",shopping_mall
ChIJuSKMTnRLDW0R0_oVtDGLkVI,Fresh Point.,-36.9128008,174.9014306,"135 Cascades Road, Pakuranga Heights, Auckland","shopping_mall,point_of_interest,establishment",shopping_mall
ChIJr-4xFq9LDW0RKYT4I3d89oE,Egomall,-36.914005,174.9014755,"Ben Lomond Crescent, Pakuranga Heights, Auckland","shopping_mall,point_of_interest,establishment",shopping_mall
ChIJFwT79S9LDW0RRbzNCuOXovs,Aviemore Square,-36.9020085,174.9048952,"29 Aviemore Drive, Highland Park, Auckland","shopping_mall,point_of_interest,establishment",shopping_mall
ChIJOxtcewVLDW0R6Xr8hZnJpj0,Highland Park Town Centre,-36.8989875,174.9071577,"503/505 Pakuranga Road, Highland Park, Auckland","shopping_mall,parking,point_of_interest,establishment",shopping_mall
ChIJbzQENEZLDW0RhBrHVhN3Ris,Meadowlands Lotto,-36.9135767,174.9287202,"Shop 17/112 Whitford Road, Somerville, Auckland","shopping_mall,point_of_interest,establishment",shopping_mall
ChIJ8xdByShLDW0RRGg8W_jVlBE,Howick Village Association,-36.89516860000001,174.932083,"6/1 Central Terrace, Howick, Auckland","shopping_mall,point_of_interest,establishment",shopping_mall
ChIJQe2yyChLDW0Rm11YXpL2smw,Rices Mall,-36.894438,174.9308705,"Howick, Auckland","shopping_mall,point_of_interest,establishment",shopping_mall
ChIJKxQSwYNqDW0R6vnHmNwuWjM,Pooks Rd Laundromat,-36.8681168,174.6021169,"6/18 Pooks Road, Ranui, Auckland","shopping_mall,point_of_interest,establishment",shopping_mall
ChIJn5Lz87NBDW0RfrvHekMD2IE,WestCity Waitakere,-36.8809739,174.6327652,"7 Catherine Street, Henderson, Auckland","shopping_mall,point_of_interest,establishment",shopping_mall
ChIJe26raxFBDW0Rci_J5lUnQuE,The Boundary,-36.8827075,174.6357303,"5 Vitasovich Avenue, Henderson, Auckland","shopping_mall,point_of_interest,establishment",shopping_mall
ChIJBwCQBrRBDW0Rc1KWSGpKvw4,A2Z Westfield Henderson,-36.8804957,174.6335187,"7 Catherine Street, Henderson, Auckland","shopping_mall,point_of_interest,establishment",shopping_mall
ChIJ554ImrNBDW0R910mtUnpvZo,Shopping Plaza Arcade,-36.8796596,174.6332228,"357 Great North Road, Henderson, Auckland","shopping_mall,point_of_interest,establishment",shopping_mall
ChIJq6FAdwBBDW0RmM5sWm9A6E4,Glendene Village,-36.8866326,174.6445721,"4343 Great North Road, Glendene, Auckland","shopping_mall,point_of_interest,establishment",shopping_mall
ChIJBcQuN-RHDW0RxwfUEI_qJSQ,Wan Fang Souvenirs,-36.8879454,174.7111281,"955 New North Road, Mount Albert, Auckland","shopping_mall,point_of_interest,establishment",shopping_mall
ChIJYTjpMjxHDW0R8UWGXlYMB58,955 shopping centre,-36.887857,174.7114077,"955 New North Road, Mount Albert, Auckland","shopping_mall,point_of_interest,establishment",shopping_mall
ChIJp68umiJHDW0RF-FZMeTYA2E,Pt Chev Arcade,-36.8701076,174.7104549,"1221 Great North Road, Point Chevalier, Auckland","shopping_mall,point_of_interest,establishment",shopping_mall
ChIJYwgJvSJHDW0RrFLcg0L2HTk,Dollar Club,-36.8701454,174.7106744,"UnitD5/1205 Great North Road, Point Chevalier, Auckland","shopping_mall,point_of_interest,establishment",shopping_mall
ChIJYZngBVVGDW0Rx5jCQMMsHsE,Westfield St Lukes,-36.8832738,174.7331356,"80 Saint Lukes Road, Mount Albert, Auckland","shopping_mall,point_of_interest,establishment",shopping_mall
ChIJSYbn6khHDW0RBg4L_kF-EPc,Pagani St Lukes,-36.8828849,174.7331998,"S802 Westfield St Lukes 80 Saint Lukes Road, Mount Albert, Auckland","shopping_mall,point_of_interest,establishment",shopping_mall
ChIJLb-Yz05GDW0R7s0wrgtnxWc,Natural Health 2015 Ltd,-36.888241,174.7472213,"634 Dominion Road, Mount Eden, Auckland","shopping_mall,point_of_interest,establishment",shopping_mall
ChIJr51ka3dIDW0RO4-xkJrr9Bc,Westfield Newmarket,-36.8707883,174.7768905,"277 Broadway, Newmarket, Auckland","shopping_mall,point_of_interest,establishment",shopping_mall
ChIJyzQeVndIDW0RnN1XSTkCves,Nuffield Street,-36.8718562,174.7780374,"Newmarket, Auckland","shopping_mall,point_of_interest,establishment",shopping_mall
ChIJoawHIJ5JDW0RIjX17jBCeOQ,Two Double Five,-36.870302,174.7770446,"255 Broadway, Newmarket, Auckland","shopping_mall,point_of_interest,establishment",shopping_mall
ChIJo9sirV9IDW0RwaWNhEDNfJQ,REMUERA MALL,-36.8808353,174.796406,"319 Remuera Road, Remuera, Auckland","shopping_mall,point_of_interest,establishment",shopping_mall
ChIJMYDGoQtJDW0R2EZRxUFQtgQ,Stoneridge on Lunn,-36.8891912,174.8327551,"87-101 Lunn Avenue, Mount Wellington, Auckland","shopping_mall,point_of_interest,establishment",shopping_mall
ChIJvyAh46RJDW0R0BHIsn7Xvy8,Meadowbank Shopping Centre,-36.87607680000001,174.8283131,"35 Saint Johns Road, Saint Johns, Auckland","shopping_mall,point_of_interest,establishment",shopping_mall
ChIJt-TM-nZJDW0R2eSq_zrzE-M,Bargainz,-36.8748533,174.8311607,"Pyatt Crescent, Saint Johns, Auckland","shopping_mall,point_of_interest,establishment",shopping_mall
ChIJU5Wj7XdJDW0RsPlb5Yt5qeI,Stonefields Market,-36.8871256,174.8446595,"30 Stonefields Avenue, Stonefields, Auckland","shopping_mall,point_of_interest,establishment",shopping_mall
ChIJ0aeDjelJDW0R8fZATlw5y74,Cheap box hair braids Auckland,-36.88298020000001,174.8579864,"16 Tippett Street, Point England, Auckland","shopping_mall,point_of_interest,establishment",shopping_mall
ChIJwSO2AyNLDW0R9O1q1DNvq7o,Primax Marketing Ltd,-36.8919255,174.8663921,"111 Dunkirk Road, Panmure, Auckland","shopping_mall,finance,point_of_interest,establishment",shopping_mall
ChIJRWn1EQBJDW0RmLGTGCxwOi4,Glen Innis Town Center,-36.87479859999999,174.8538468,"Apirana Avenue, Glen Innes, Auckland","shopping_mall,point_of_interest,establishment",shopping_mall
ChIJ04jFZFS1cm0RjCaU6uIWLeo,Pohutukawa Coast Shopping Centre,-36.8895474,175.0108197,"129 Beachlands Road, Beachlands","shopping_mall,point_of_interest,establishment",shopping_mall
ChIJNY3dqEFADW0RTxn_5aUDGYw,Lincoln North Centre,-36.8561845,174.6288878,"Lincoln Road, Henderson, Auckland","shopping_mall,point_of_interest,establishment",shopping_mall
ChIJk70hb-dBDW0RR3em_5UqYxU,Refill Nation,-36.8432341,174.6519829,"571 Te Atatu Road, Te Atatū Peninsula, Auckland","shopping_mall,point_of_interest,establishment",shopping_mall
ChIJZc--a-VHDW0RfNekg8bB7Ks,Sky World Indoor Entertainment,-36.8517566,174.7637517,"291-297 Queen Street, Auckland Central, Auckland","shopping_mall,point_of_interest,establishment",shopping_mall
ChIJsRdro_5HDW0RpFmy0CRiKRE,Britomart,-36.8442592,174.770116,"3 Maritime Building 130 Quay Street, 1150 Shortland Street, Auckland Central, Auckland","shopping_mall,point_of_interest,establishment",shopping_mall
ChIJUR_iTOVHDW0RLgLAn5Pw3XU,Atrium on Elliott Shopping Centre,-36.84971,174.763715,"21-25 Elliott Street, Auckland Central, Auckland","shopping_mall,point_of_interest,food,establishment",shopping_mall
ChIJDx2wMPpHDW0RzvQ3Bvk3RHw,DFS Auckland,-36.8446421,174.7657516,"22 Customs Street West, Auckland City, Auckland","department_store,travel_agency,shopping_mall,clothing_store,jewelry_store,point_of_interest,store,establishment",shopping_mall
ChIJX7VTB-lHDW0RjAVWQFOKe4Q,St Kevins Arcade,-36.857694,174.7601386,"183 Karangahape Road, CBD, Auckland","shopping_mall,restaurant,point_of_interest,food,establishment",shopping_mall
ChIJjVz2neVHDW0RvvmjoI-mC3w,Queens Court,-36.8528527,174.7638726,"368 Queen Street, Auckland Central, Auckland","shopping_mall,point_of_interest,food,establishment",shopping_mall
ChIJOTBTM-VHDW0RllMMI1xsogo,100HEALTH,-36.85018599999999,174.7646518,"Mid City Shop 9/233-237 Queen Street, Auckland Central, Auckland","shopping_mall,health,point_of_interest,establishment",shopping_mall
ChIJ3TYd0-RHDW0RjdRZUxrm61Y,NZH 康尔佳保健品连锁,-36.8500222,174.7659851,"Shop 2/10 Lorne Street, Auckland Central, Auckland","shopping_mall,point_of_interest,store,establishment",shopping_mall
ChIJc8BAZftHDW0RwExZksisVMA,Chancery Square,-36.84798110000001,174.767314,"34 Courthouse Lane, Auckland Central, Auckland","shopping_mall,point_of_interest,establishment",shopping_mall
ChIJyR9n4HZIDW0RM6XyhqE0skc,STORM,-36.8690726,174.7769952,"4 Teed Street, Newmarket, Auckland","clothing_store,shopping_mall,point_of_interest,store,establishment",shopping_mall
ChIJORgfMuVHDW0RhFyKxRWmhs0,Cyber Outlet,-36.8501155,174.7645777,"239 Queen Street, Auckland Central, Auckland","shopping_mall,point_of_interest,establishment",shopping_mall
ChIJj1r2xXZIDW0R2WBpX3Q_TCk,Rialto Centre,-36.868543,174.7774282,"F2/135 Broadway, Newmarket, Auckland","shopping_mall,movie_theater,clothing_store,point_of_interest,store,food,establishment",shopping_mall
ChIJl6z-cXBHDW0RDgwcMFxm9Fc,Apropos,-36.857606,174.7602097,"Level 1 St Kevin's Arcade, 183 Karangahape Road, Auckland Central, Auckland","shopping_mall,point_of_interest,establishment",shopping_mall
ChIJi5nBVjtHDW0R-wlU745uaiU,La Gonda Arcade,-36.857641,174.7597918,"203-207 Karangahape Road, Auckland Central, Auckland","shopping_mall,point_of_interest,establishment",shopping_mall
ChIJB8gHTuRHDW0R6BJGn_ZLn7A,Highpoint Shopping Centre,-36.8545398,174.7595249,"150vincent st, Auckland Central, Auckland","shopping_mall,point_of_interest,establishment",shopping_mall
ChIJ4fdbmjFHDW0Rksw_mZQajAQ,YOYOSO Auckland CBD,-36.8507859,174.7648101,"290 Queen Street, Auckland Central, Auckland","shopping_mall,point_of_interest,store,establishment",shopping_mall
ChIJSxs4MeVHDW0Rk30fC1EepRs,Mid City,-36.8500418,174.7642568,"239 Queen Street, Auckland Central, Auckland","shopping_mall,point_of_interest,establishment",shopping_mall
ChIJb6WwMuVHDW0RQIY1PWZcRwY,Strand Arcade,-36.8498341,174.7645109,"227 Queen Street, Auckland Central, Auckland","shopping_mall,point_of_interest,establishment",shopping_mall
ChIJ32sDXPVHDW0Rr0c_iXh6NQM,Creaddictive NZ,-36.8499322,174.7608584,"Auckland Central, Auckland","shopping_mall,point_of_interest,establishment",shopping_mall
ChIJ6ygaL_tHDW0RGpYVLYG13-g,Kiwi Mai,-36.8493591,174.7659309,"9b Victoria Street East, Auckland Central, Auckland","shopping_mall,point_of_interest,establishment",shopping_mall
ChIJJSx3ovpHDW0R89jsY_JPbh0,Uluhanga mall,-36.8483442,174.7633835,"51 Victoria Street West, Auckland Central, Auckland","shopping_mall,point_of_interest,establishment",shopping_mall
ChIJQw7YC9tHDW0RHhWM2QZ7Yqo,Canterbury Arcade,-36.8480966,174.7659197,"170 Queen Street, Auckland Central, Auckland","shopping_mall,point_of_interest,establishment",shopping_mall
ChIJ1zatJSJHDW0RUXdWjJ8ncDo,Sunny convenience stores,-36.84734539999999,174.7614352,"2/51-61 Hobson Street, Auckland Central, Auckland","shopping_mall,point_of_interest,establishment",shopping_mall
ChIJbx3gXixHDW0R16vnoHN8qsk,Victoria Street Lookout Auckland,-36.8479398,174.758249,"Victoria Street West, Auckland Central, Auckland","shopping_mall,point_of_interest,establishment",shopping_mall
ChIJV1CHjvJHDW0RKQ6mAOZO6aE,Victoria Park Market,-36.8484097,174.7545492,"Auckland Central, Auckland","shopping_mall,point_of_interest,establishment",shopping_mall
ChIJJQ4gfzBHDW0RZuHUobahqV8,"Buy one, gift one (BOGO)",-36.8461806,174.7650331,"Floor 9/12-26 Swanson Street, Auckland Central, Auckland","shopping_mall,point_of_interest,establishment",shopping_mall
ChIJme7AF1hHDW0RdGdheRij9BI,Commercial Bay,-36.8438848,174.7661305,"7 Queen Street, Auckland Central, Auckland","shopping_mall,bar,restaurant,food,point_of_interest,establishment",shopping_mall
ChIJB2uisQhIDW0Rw2ySaSiHzfQ,Parnell Business Association,-36.8512403,174.778142,"2 York Street, Parnell, Auckland","shopping_mall,restaurant,food,point_of_interest,establishment",shopping_mall
ChIJOwycJ_xHDW0RNvu0k0b_JlE,Atrium on Takutai,-36.8448111,174.7701425,"Auckland Central, Auckland","shopping_mall,point_of_interest,establishment",shopping_mall
ChIJHRVfoeNJDW0R1J2ptSLSMog,Foundation Precinct,-36.8635771,174.779015,"8 George Street, Newmarket, Auckland","shopping_mall,point_of_interest,establishment",shopping_mall
ChIJETywp1BJDW0RymAFHTZ7M3U,Zillopillow,-36.8634551,174.7808684,"532 Parnell Road, Parnell, Auckland","shopping_mall,point_of_interest,establishment",shopping_mall
ChIJY-ro7XZIDW0Rx3vaU_g0aiU,Osborne Lane,-36.8681196,174.7768784,"Kent Street, Newmarket, Auckland","shopping_mall,point_of_interest,establishment",shopping_mall
ChIJPbIiHUpIDW0RVUIIrPsa9-o,Orakei Bay Village,-36.8632168,174.8096994,"228 Orakei Road, Remuera, Auckland","shopping_mall,cafe,jewelry_store,clothing_store,beauty_salon,store,restaurant,food,point_of_interest,establishment",shopping_mall
ChIJsTdv38ZJDW0R3SfNmPQ5ZXA,Eastridge Shopping Centre,-36.8608069,174.8296347,"215 Kepa Road, Mission Bay, Auckland","shopping_mall,point_of_interest,establishment",shopping_mall
ChIJsTdv38ZJDW0RdTw4catmaEE,Dollarstation Eastridge,-36.8606817,174.8296432,"215 Kepa Road, Mission Bay, Auckland","shopping_mall,point_of_interest,establishment",shopping_mall
ChIJM5ZxYgJKDW0Rj1-kf4U3mMs,Joy & Peace Nails - Spa,-36.8511879,174.857578,"33-39 St Heliers Bay Road - Inside the St Heliers Mall, Saint Heliers, Auckland","shopping_mall,point_of_interest,establishment",shopping_mall
ChIJh5LAneQ_DW0Rk4E07Q0_L30,NorthWest Shopping Centre,-36.8178005,174.6110421,"1/7 Fred Taylor Drive, Massey, Auckland","shopping_mall,point_of_interest,establishment",shopping_mall
ChIJB2O5u-Q_DW0RBw5FdYRSXXY,Westgate Shopping Centre,-36.8213672,174.6123723,"Fred Taylor Drive, Westgate, Auckland","shopping_mall,point_of_interest,establishment",shopping_mall
ChIJc_fK9vU_DW0RwYm-vmuTF10,Royal Heights Shopping Centre,-36.8324468,174.6229913,"Massey, Auckland","shopping_mall,point_of_interest,establishment",shopping_mall
ChIJrdGmr_xBDW0R3pcsaKPDK3k,Le-Eva,-36.8374385,174.6575311,"Glenhaven Place, Te Atatū Peninsula, Auckland","shopping_mall,point_of_interest,establishment",shopping_mall
ChIJK25EYd03DW0R_MZYTKwF3OY,The Arcade Devonport,-36.8316534,174.7969128,"15 Victoria Road, Devonport, Auckland","shopping_mall,point_of_interest,establishment",shopping_mall
ChIJTfDiTgAVDW0RoIq3K-3w3w0,Maki Centre - Retail,-36.8094933,174.6054296,"Westgate, Auckland","shopping_mall,point_of_interest,establishment",shopping_mall
ChIJ37fOKwA_DW0RZs4dhHSZazA,Maki Centre,-36.8097319,174.6061137,"Maki Street, Westgate, Auckland","shopping_mall,point_of_interest,establishment",shopping_mall
ChIJh76DBOE_DW0R42iGCEo8mzc,Westgate Lifestyle Shopping Centre,-36.8137279,174.6094738,"57/61 Maki Street, Westgate, Auckland","shopping_mall,point_of_interest,establishment",shopping_mall
ChIJxYj75qk_DW0RtXy_kuoCADM,Hobson Centre,-36.7973442,174.6480295,"124 Hobsonville Road, Hobsonville, Auckland","shopping_mall,point_of_interest,establishment",shopping_mall
ChIJezWPTt0_DW0RKhj9NwTyRZE,Catalina Bay,-36.7891618,174.6721286,"Boundary Road, Hobsonville, Auckland","shopping_mall,point_of_interest,establishment",shopping_mall
ChIJBYyvg044DW0RMNlINZLnfS8,Northcote Central,-36.8012662,174.7458415,"Lake Road, Northcote, Auckland","shopping_mall,point_of_interest,establishment",shopping_mall
ChIJcx8fifE4DW0ROigD6RoZz5c,Highbury Birkenhead,-36.81095980000001,174.7247724,"1 Cnr Highbury Bypass &, Birkenhead Avenue, Birkenhead, Auckland","shopping_mall,point_of_interest,establishment",shopping_mall
ChIJ7Vy3ln05DW0R-KgA25-3hPg,Birkenhead Village NZ,-36.8119537,174.7265048,"Mokioa rd. Birkenhead Ave. Upper, Hinemoa Street, Birkenhead, Auckland","shopping_mall,point_of_interest,establishment",shopping_mall
ChIJlZqcJlc5DW0RuNUmH0SS0xo,Birkenhead Square,-36.81154920000001,174.7239516,"63 Mokoia Road, Birkenhead, Auckland","shopping_mall,point_of_interest,establishment",shopping_mall
ChIJre87r9c5DW0RiXznTXFNjVM,Shore City Shopping Centre,-36.7878715,174.7699988,"52/56 Anzac Street, Takapuna, Auckland","shopping_mall,point_of_interest,establishment",shopping_mall
ChIJU06DIXdIDW0RQerSXgNGa74,Superette Surplus,-36.7944042,174.7650962,"73 Barrys Point Road, Takapuna, Auckland","shopping_mall,point_of_interest,establishment",shopping_mall
ChIJr98T31M5DW0R5j3ynX1mk3k,Takàpuna shopping center,-36.7878363,174.7700703,"新西兰, Takapuna, Auckland","shopping_mall,point_of_interest,establishment",shopping_mall
ChIJDUOlLpUTDW0RiE-6guAgA10,Waimauku Village Centre,-36.7677245,174.4938382,"9a Factory Road, Waimauku","shopping_mall,point_of_interest,establishment",shopping_mall
ChIJVVVVwQ85DW0R-wP8T8EUd1M,Glenfield Mall,-36.78185229999999,174.7220778,"Corner Glenfield Road &, Downing Street, Glenfield, Auckland","shopping_mall,point_of_interest,establishment",shopping_mall
ChIJ59w_mps5DW0RAxd8hrGprLc,Little House Health Store,-36.7659925,174.7376688,"16J Link Drive, Wairau Valley, Auckland","shopping_mall,point_of_interest,establishment",shopping_mall
ChIJE7c2pvg5DW0Rucamil-os5s,Wairau Junction,-36.7707932,174.7365984,"5019281, Wairau Valley, Auckland","shopping_mall,point_of_interest,establishment",shopping_mall
ChIJ42jp8DA5DW0REj0s01g7RMk,Vish Beauty Bar,-36.7835036,174.7214281,"Glenfield Mall Glenfield Rd and, Downing Street, Glenfield, Auckland","shopping_mall,point_of_interest,establishment",shopping_mall
ChIJk7N0_OY5DW0R5PcrHutodKI,Milford Shopping Centre,-36.7716401,174.7657584,"24 Milford Road, Milford, Auckland","shopping_mall,point_of_interest,establishment",shopping_mall
ChIJTRaUtOc5DW0RCkyVrnje_D4,Le Boutique,-36.77236389999999,174.7644096,"145 Kitchener Road, Milford, Auckland","shopping_mall,point_of_interest,establishment",shopping_mall
ChIJAfDC-tc5DW0R8lCkptgMgl4,Hurstmere Superette,-36.78632039999999,174.7728054,"106 Hurstmere Road, Takapuna, Auckland","shopping_mall,point_of_interest,establishment",shopping_mall
ChIJGZiTuoU5DW0Rekr42g5C2d8,Sunnynook Mall,-36.75929809999999,174.7402558,"Sunnynook, Auckland","shopping_mall,point_of_interest,establishment",shopping_mall
ChIJK_Iz35Q7DW0RlHpxoOMpSuA,Westfield Albany,-36.7285422,174.7086681,"219 Don McKinnon Drive, Albany, Auckland","shopping_mall,point_of_interest,establishment",shopping_mall
ChIJ9-Lx8Rc7DW0RCymCuwZtweM,Albany Village,-36.72466319999999,174.6953892,"234-226 Dairy Flat Highway, Albany, Auckland","shopping_mall,point_of_interest,establishment",shopping_mall
ChIJzUKuuJY7DW0RrpVg9rmcW1s,Albany Lifestyle Centre,-36.7220751,174.7062763,"260 Oteha Valley Road, Albany, Auckland","shopping_mall,point_of_interest,establishment",shopping_mall
ChIJ5XX3Kk87DW0R7MmvjSaGzr4,Master Bao Albany,-36.728526,174.7089468,"F06/219 Don McKinnon Drive, Albany, Auckland","shopping_mall,point_of_interest,establishment",shopping_mall
ChIJRc8gZOs7DW0RW2fFuoiYauE,Albany Mega Centre,-36.7311252,174.7060725,"140 Don McKinnon Drive, Albany, Auckland","shopping_mall,point_of_interest,establishment",shopping_mall
ChIJAQla5XA7DW0RZTmENbQHnnQ,Pinehill Central,-36.7308688,174.7217094,"65 Greville Road, Pinehill, Auckland","shopping_mall,point_of_interest,establishment",shopping_mall
ChIJT7tqVdY7DW0RjQToVmtDKK0,Long Bay Village,-36.68490639999999,174.7404148,"57 Glenvar Ridge Road, Long Bay, Auckland","shopping_mall,cafe,restaurant,food,point_of_interest,establishment",shopping_mall
ChIJ0wsWpn87DW0RHk-W1y2FcQ4,Dairy Flat Motorway Centre,-36.65988840000001,174.6664027,Dairy Flat,"shopping_mall,point_of_interest,establishment",shopping_mall
ChIJ3b1gGUAjDW0RM5Ql0b0D3Qg,MULCH IT LANDSCAPING SUPPLIES,-36.648286,174.640616,"17 Kahikatea Flat Road, Coatesville","shopping_mall,point_of_interest,establishment",shopping_mall
ChIJ7Y5PMRIlDW0RUWcSTc8QDq0,The Coast,-36.6371087,174.7470144,"719 Whangaparaoa Road, Stanmore Bay, Auckland","shopping_mall,point_of_interest,establishment",shopping_mall
ChIJt9D8pywjDW0RB2thH5KUHHg,Milldale Town Centre,-36.612158,174.6459876,"Papakiri Road, Milldale, Wainui","shopping_mall,point_of_interest,establishment",shopping_mall
ChIJEcUkC50jDW0Rb64U5S5KLNA,Silverdale Centre,-36.6138437,174.6795643,"61 Silverdale Street, Silverdale","shopping_mall,point_of_interest,establishment",shopping_mall
ChIJ3VAA7jMjDW0Rx_K4Q1KLLs4,Setarray,-36.616492,174.6793631,"Setarray Buildings 1 Wainui Road, Silverdale","shopping_mall,point_of_interest,establishment",shopping_mall
ChIJh02HJpsjDW0Rf1ET2sHA3dc,Silverdale Mall,-36.6129867,174.680215,"75 Silverdale Street, Silverdale, Auckland","shopping_mall,point_of_interest,establishment",shopping_mall
